count,          pos,            speed,          accel,          jerk,           snap,           dt(seconds)
1, 0.000021     ,       -5785.639040    ,       0.000000        ,       114543.964838   ,       0.000000        ,       3.263000
2, 0.000062     ,       -5785.638902    ,       0.000462        ,       114543.964838   ,       0.000000        ,       3.273000
3, 0.000125     ,       -5785.638694    ,       0.001154        ,       114543.967146   ,       0.007693        ,       3.283000
4, 0.000208     ,       -5785.638417    ,       0.002077        ,       114543.970223   ,       0.017951        ,       3.293000
5, 0.000332     ,       -5785.638002    ,       0.003462        ,       114543.974839   ,       0.033338        ,       3.303000
6, 0.000499     ,       -5785.637448    ,       0.005308        ,       114543.980994   ,       0.053854        ,       3.313000
7, 0.000727     ,       -5785.636686    ,       0.007847        ,       114543.989457   ,       0.082063        ,       3.323000
8, 0.001018     ,       -5785.635717    ,       0.011079        ,       114544.000228   ,       0.117966        ,       3.333000
9, 0.001371     ,       -5785.634540    ,       0.015002        ,       114544.013307   ,       0.161562        ,       3.343000
10, 0.001786    ,       -5785.633155    ,       0.019618        ,       114544.028693   ,       0.212851        ,       3.353000
11, 0.002285    ,       -5785.631493    ,       0.025157        ,       114544.047157   ,       0.274398        ,       3.363000
12, 0.002867    ,       -5785.629554    ,       0.031620        ,       114544.068699   ,       0.346203        ,       3.373000
13, 0.003531    ,       -5785.627339    ,       0.039006        ,       114544.093318   ,       0.428266        ,       3.383000
14, 0.004300    ,       -5785.624777    ,       0.047545        ,       114544.121784   ,       0.523152        ,       3.393000
15, 0.005193    ,       -5785.621799    ,       0.057470        ,       114544.154865   ,       0.633424        ,       3.403000
16, 0.006211    ,       -5785.618407    ,       0.068779        ,       114544.192563   ,       0.759083        ,       3.413000
17, 0.007374    ,       -5785.614529    ,       0.081704        ,       114544.235646   ,       0.902693        ,       3.423000
18, 0.008662    ,       -5785.610236    ,       0.096014        ,       114544.283345   ,       1.061690        ,       3.433000
19, 0.010075    ,       -5785.605528    ,       0.111708        ,       114544.335660   ,       1.236074        ,       3.443000
20, 0.011632    ,       -5785.600335    ,       0.129018        ,       114544.393361   ,       1.428409        ,       3.453000
21, 0.013357    ,       -5785.594588    ,       0.148175        ,       114544.457216   ,       1.641260        ,       3.463000
22, 0.015226    ,       -5785.588356    ,       0.168947        ,       114544.526457   ,       1.872062        ,       3.473000
23, 0.017262    ,       -5785.581571    ,       0.191566        ,       114544.601852   ,       2.123380        ,       3.483000
24, 0.019464    ,       -5785.574231    ,       0.216031        ,       114544.683402   ,       2.395214        ,       3.493000
25, 0.021811    ,       -5785.566407    ,       0.242112        ,       114544.770338   ,       2.684999        ,       3.503000
26, 0.024303    ,       -5785.558098    ,       0.269808        ,       114544.862659   ,       2.992735        ,       3.513000
27, 0.026962    ,       -4628.421427    ,       3857.392044     ,       127401.936779   ,       42859.906471    ,       3.523000
28, 0.029808    ,       -3471.284133    ,       7714.516357     ,       127402.042179   ,       42860.257803    ,       3.533000
29, 0.032862    ,       -2314.146147    ,       11571.642979    ,       114545.179627   ,       4.049297        ,       3.543000
30, 0.036123    ,       -1157.007468    ,       15428.771908    ,       101688.324768   ,       -42852.133565   ,       3.553000
31, 0.039571    ,       0.131834        ,       19285.902915    ,       88831.476834    ,       -85708.293347   ,       3.563000
32, 0.043185    ,       0.143744        ,       19285.942151    ,       64286.472299    ,       -167524.975129  ,       3.573000
33, 0.047007    ,       0.156276        ,       19285.983234    ,       64286.606934    ,       -167524.534040  ,       3.583000
34, 0.051037    ,       0.169432        ,       19286.026163    ,       64286.746954    ,       -167524.077565  ,       3.593000
35, 0.055254    ,       0.183072        ,       19286.070247    ,       64286.889282    ,       -167523.618525  ,       3.603000
36, 0.059637    ,       0.197128        ,       19286.115253    ,       64287.033149    ,       -167523.159485  ,       3.613000
37, 0.064186    ,       0.211530        ,       19286.160721    ,       64287.176246    ,       -167522.710703  ,       3.623000
38, 0.068943    ,       0.226417        ,       19286.207112    ,       64287.320113    ,       -167522.267050  ,       3.633000
39, 0.073887    ,       0.241719        ,       19286.254196    ,       64287.463980    ,       -167521.831090  ,       3.643000
40, 0.079017    ,       0.257437        ,       19286.301972    ,       64287.607846    ,       -167521.402824  ,       3.653000
41, 0.084314    ,       0.273431        ,       19286.349748    ,       64287.748636    ,       -167520.995073  ,       3.663000
42, 0.089777    ,       0.289703        ,       19286.397524    ,       64287.886348    ,       -167520.607838  ,       3.673000
43, 0.095427    ,       0.306321        ,       19286.445531    ,       64288.021752    ,       -167520.238555  ,       3.683000
44, 0.101223    ,       0.323077        ,       19286.492845    ,       64288.151001    ,       -167519.902609  ,       3.693000
45, 0.107205    ,       0.340041        ,       19286.539468    ,       64288.273326    ,       -167519.605131  ,       3.703000
46, 0.113354    ,       0.357143        ,       19286.585166    ,       64288.387958    ,       -167519.348684  ,       3.713000
47, 0.119669    ,       0.374315        ,       19286.629480    ,       64288.492588    ,       -167519.143526  ,       3.723000
48, 0.126170    ,       0.391694        ,       19286.673102    ,       64288.590294    ,       -167518.976836  ,       3.733000
49, 0.132817    ,       0.409143        ,       19286.715570    ,       64288.679538    ,       -167518.853741  ,       3.743000
50, 0.139631    ,       0.426661        ,       19286.756652    ,       64288.758780    ,       -167518.781936  ,       3.753000
51, 0.146610    ,       0.444179        ,       19286.795889    ,       64288.825713    ,       -167518.771678  ,       3.763000
52, 0.153777    ,       0.461835        ,       19286.833971    ,       64288.883413    ,       -167518.810145  ,       3.773000
53, 0.161068    ,       0.479353        ,       19286.869746    ,       64288.927266    ,       -167518.915289  ,       3.783000
54, 0.168504    ,       0.496802        ,       19286.903443    ,       64288.958039    ,       -167519.084544  ,       3.793000
55, 0.176127    ,       0.514389        ,       19286.935986    ,       64288.979581    ,       -167519.302523  ,       3.803000
56, 0.183917    ,       0.532045        ,       19286.967144    ,       64288.991121    ,       -167519.571793  ,       3.813000
57, 0.191873    ,       0.549702        ,       15429.903762    ,       38575.039061    ,       -296089.659060  ,       3.823000
58, 0.199974    ,       0.567220        ,       11572.837842    ,       12861.071615    ,       -381803.235213  ,       3.833000
59, 0.208200    ,       0.584460        ,       7715.768690     ,       -12852.914296   ,       -424660.313075  ,       3.843000
60, 0.216550    ,       0.601424        ,       3858.696307     ,       -38566.918670   ,       -467517.478129  ,       3.853000
61, 0.225004    ,       0.618111        ,       1.620924        ,       -64280.939970   ,       -510374.722681  ,       3.863000
62, 0.233583    ,       0.634660        ,       1.636388        ,       -64281.019212   ,       -428558.305039  ,       3.873000
63, 0.242225    ,       0.650724        ,       1.648159        ,       -64281.116919   ,       -428559.079509  ,       3.883000
64, 0.250990    ,       0.666511        ,       1.656929        ,       -64281.230781   ,       -428559.925784  ,       3.893000
65, 0.259902    ,       0.682159        ,       1.663622        ,       -64281.355414   ,       -428560.815655  ,       3.903000
66, 0.268917    ,       0.697600        ,       1.668238        ,       -64281.490049   ,       -428561.743992  ,       3.913000
67, 0.278057    ,       0.712902        ,       1.671239        ,       -64281.631608   ,       -428562.692846  ,       3.923000
68, 0.287280    ,       0.727789        ,       1.671239        ,       -64281.786245   ,       -428563.687860  ,       3.933000
69, 0.296585    ,       0.742329        ,       1.668700        ,       -64281.951653   ,       -428564.718776  ,       3.943000
70, 0.305995    ,       0.756593        ,       1.663853        ,       -64282.127063   ,       -428565.783031  ,       3.953000
71, 0.315550    ,       0.770787        ,       1.657852        ,       -64282.306319   ,       -428566.849850  ,       3.963000
72, 0.325168    ,       0.784635        ,       1.649774        ,       -64282.492500   ,       -428567.929492  ,       3.973000
73, 0.334827    ,       0.797999        ,       1.638927        ,       -64282.688682   ,       -428569.034778  ,       3.983000
74, 0.344590    ,       0.811224        ,       1.627156        ,       -64282.885633   ,       -428570.122113  ,       3.993000
75, 0.354394    ,       0.823964        ,       1.613077        ,       -64283.087970   ,       -428571.204319  ,       4.003000
76, 0.364261    ,       0.836358        ,       1.597382        ,       -64283.292614   ,       -428572.268573  ,       4.013000
77, 0.374149    ,       0.848267        ,       1.579841        ,       -64283.498798   ,       -428573.304619  ,       4.023000
78, 0.384057    ,       0.859623        ,       1.559761        ,       -64283.711136   ,       -428574.338100  ,       4.033000
79, 0.394028    ,       0.870701        ,       1.538528        ,       -64283.923474   ,       -428575.343372  ,       4.043000
80, 0.404082    ,       0.881503        ,       1.516140        ,       -64284.135042   ,       -428576.312741  ,       4.053000
81, 0.414135    ,       0.891751        ,       1.491905        ,       -64284.346611   ,       -428577.241079  ,       4.063000
82, 0.424189    ,       0.901375        ,       1.465132        ,       -64284.562796   ,       -428578.154030  ,       4.073000
83, 0.434347    ,       0.910930        ,       1.438590        ,       -64284.770518   ,       -428578.992611  ,       4.083000
84, 0.444546    ,       0.920139        ,       1.411125        ,       -64284.974393   ,       -428579.774774  ,       4.093000
85, 0.454766    ,       0.928794        ,       1.381351        ,       -64285.182115   ,       -428580.538986  ,       4.103000
86, 0.465048    ,       0.937103        ,       1.350193        ,       -64285.389837   ,       -428581.269859  ,       4.113000
87, 0.475351    ,       0.944927        ,       1.317419        ,       -51428.621145   ,       -300012.200686  ,       4.123000
88, 0.485696    ,       0.952405        ,       1.283953        ,       -38571.846297   ,       -171443.059708  ,       4.133000
89, 0.496082    ,       0.959606        ,       1.250486        ,       -25715.060679   ,       -42873.821280   ,       4.143000
90, 0.506509    ,       0.966530        ,       1.217020        ,       -12858.264291   ,       85695.514598    ,       4.153000
91, 0.516999    ,       0.973316        ,       1.184015        ,       -1.456362       ,       214264.945361   ,       4.163000
92, 0.527593    ,       0.980032        ,       1.151241        ,       -1.617154       ,       214264.673528   ,       4.173000
93, 0.538228    ,       0.986679        ,       1.119852        ,       -1.761021       ,       214264.519660   ,       4.183000
94, 0.548885    ,       0.992980        ,       1.088232        ,       -1.895655       ,       214264.450419   ,       4.193000
95, 0.559561    ,       0.998866        ,       1.055689        ,       -2.026443       ,       214264.429903   ,       4.203000
96, 0.570321    ,       1.004682        ,       1.023608        ,       -2.148769       ,       214264.470935   ,       4.213000
97, 0.581081    ,       1.010083        ,       0.990603        ,       -2.268786       ,       214264.542740   ,       4.223000
98, 0.591862    ,       1.015276        ,       0.958291        ,       -2.376493       ,       214264.699172   ,       4.233000
99, 0.602664    ,       1.020261        ,       0.926440        ,       -2.474200       ,       214264.924846   ,       4.243000
100, 0.613486   ,       1.024970        ,       0.894589        ,       -2.564213       ,       214265.209502   ,       4.253000
101, 0.624288   ,       1.029124        ,       0.861123        ,       -2.655764       ,       214265.501851   ,       4.263000
102, 0.635110   ,       1.033140        ,       0.828349        ,       -2.738084       ,       214265.848054   ,       4.273000
103, 0.645995   ,       1.037225        ,       0.797422        ,       -2.805016       ,       214266.278885   ,       4.283000
104, 0.656900   ,       1.041033        ,       0.766033        ,       -2.870410       ,       214266.717409   ,       4.293000
105, 0.667764   ,       1.044565        ,       0.735336        ,       -2.925803       ,       214267.207223   ,       4.303000
106, 0.678628   ,       1.047888        ,       0.705101        ,       -2.974271       ,       214267.727810   ,       4.313000
107, 0.689512   ,       1.051212        ,       0.676481        ,       -3.011200       ,       214268.291993   ,       4.323000
108, 0.700418   ,       1.054535        ,       0.649708        ,       -3.033510       ,       214268.925417   ,       4.333000
109, 0.711323   ,       1.057651        ,       0.623166        ,       -3.051205       ,       214269.574228   ,       4.343000
110, 0.722166   ,       1.060282        ,       0.595931        ,       -3.067361       ,       214270.225603   ,       4.353000
111, 0.733009   ,       1.062913        ,       0.570543        ,       -3.071208       ,       214270.918010   ,       4.363000
112, 0.743873   ,       1.065614        ,       0.547463        ,       -3.058899       ,       214271.679657   ,       4.373000
113, 0.754696   ,       1.067830        ,       0.522998        ,       -3.051975       ,       214272.395144   ,       4.383000
114, 0.765497   ,       1.069837        ,       0.498994        ,       -3.040434       ,       214273.113195   ,       4.393000
115, 0.776257   ,       1.071638        ,       0.476145        ,       -3.017354       ,       214273.882536   ,       4.403000
116, 0.786976   ,       1.073092        ,       0.453296        ,       -2.989658       ,       214274.667263   ,       4.413000
117, 0.797694   ,       1.074477        ,       0.431831        ,       -2.951960       ,       171418.897281   ,       4.423000
118, 0.808371   ,       1.075584        ,       0.410597        ,       -2.911185       ,       128563.117041   ,       4.433000
119, 0.819006   ,       1.076415        ,       0.389363        ,       -2.870410       ,       85707.300898    ,       4.443000
120, 0.829600   ,       1.076969        ,       0.368130        ,       -2.829635       ,       42851.448852    ,       4.453000
121, 0.840111   ,       1.077039        ,       0.345742        ,       -2.794245       ,       -4.459612       ,       4.463000
122, 0.850538   ,       1.076485        ,       0.321507        ,       -2.765780       ,       -3.828752       ,       4.473000
123, 0.861008   ,       1.075931        ,       0.297504        ,       -2.741161       ,       -3.267134       ,       4.483000
124, 0.871415   ,       1.075100        ,       0.273731        ,       -2.715003       ,       -2.731159       ,       4.493000
125, 0.881738   ,       1.073923        ,       0.250190        ,       -2.684999       ,       -2.195185       ,       4.503000
126, 0.891979   ,       1.072192        ,       0.225032        ,       -2.661919       ,       -1.710501       ,       4.513000
127, 0.902157   ,       1.070253        ,       0.200567        ,       -2.633453       ,       -1.215558       ,       4.523000
128, 0.912253   ,       1.067968        ,       0.175640        ,       -2.608834       ,       -0.774470       ,       4.533000
129, 0.922327   ,       1.065545        ,       0.150945        ,       -2.584985       ,       -0.369284       ,       4.543000
130, 0.932319   ,       1.062775        ,       0.126018        ,       -2.561905       ,       0.007693        ,       4.553000
131, 0.942206   ,       1.059728        ,       0.102015        ,       -2.530362       ,       0.418008        ,       4.563000
132, 0.952073   ,       1.056543        ,       0.078011        ,       -2.501127       ,       0.789856        ,       4.573000
133, 0.961836   ,       1.052804        ,       0.051930        ,       -2.484970       ,       1.066819        ,       4.583000
134, 0.971516   ,       1.048719        ,       0.025619        ,       -2.468045       ,       1.341217        ,       4.593000
135, 0.981154   ,       1.044634        ,       0.000231        ,       -2.450350       ,       1.584842        ,       4.603000
136, 0.990709   ,       1.040272        ,       -0.025388       ,       -2.434963       ,       1.797693        ,       4.613000
137, 1.000161   ,       1.035494        ,       -0.052392       ,       -2.429578       ,       1.938739        ,       4.623000
138, 1.009467   ,       1.030163        ,       -0.081242       ,       -2.436502       ,       1.990028        ,       4.633000
139, 1.018669   ,       1.024485        ,       -0.110554       ,       -2.445734       ,       2.018237        ,       4.643000
140, 1.027767   ,       1.018669        ,       -0.138712       ,       -2.448811       ,       2.061833        ,       4.653000
141, 1.036720   ,       1.012368        ,       -0.168486       ,       -2.463429       ,       2.025931        ,       4.663000
142, 1.045506   ,       1.005444        ,       -0.200567       ,       -2.493433       ,       1.884885        ,       4.673000
143, 1.054148   ,       0.998173        ,       -0.232187       ,       -2.517283       ,       1.782306        ,       4.683000
144, 1.062623   ,       0.990418        ,       -0.264730       ,       -2.545748       ,       1.648954        ,       4.693000
145, 1.070952   ,       0.982317        ,       -0.297735       ,       -2.579599       ,       1.459183        ,       4.703000
146, 1.079116   ,       0.973801        ,       -0.330970       ,       -2.614220       ,       1.251461        ,       4.713000
147, 1.087071   ,       0.964592        ,       -0.366283       ,       -2.660380       ,       0.971934        ,       4.723000
148, 1.094820   ,       0.954829        ,       -0.402519       ,       -2.710387       ,       0.669326        ,       4.733000
149, 1.102360   ,       0.944512        ,       -0.439678       ,       -2.763472       ,       0.356461        ,       4.743000
150, 1.109692   ,       0.933641        ,       -0.477761       ,       -2.819634       ,       0.033338        ,       4.753000
151, 1.116859   ,       0.922493        ,       -0.515151       ,       -2.869641       ,       -0.251318       ,       4.763000
152, 1.123818   ,       0.910930        ,       -0.551848       ,       -2.911185       ,       -0.484685       ,       4.773000
153, 1.130548   ,       0.898467        ,       -0.591546       ,       -2.963500       ,       -0.741132       ,       4.783000
154, 1.137070   ,       0.885519        ,       -0.631936       ,       -3.018893       ,       -1.012965       ,       4.793000
155, 1.143426   ,       0.872294        ,       -0.672096       ,       -3.074285       ,       -1.297621       ,       4.803000
156, 1.149575   ,       0.858653        ,       -0.711794       ,       -3.122754       ,       -1.536117       ,       4.813000
157, 1.155537   ,       0.844598        ,       -0.752184       ,       -3.175838       ,       -1.807951       ,       4.823000
158, 1.161332   ,       0.830265        ,       -0.792344       ,       -3.226615       ,       -2.059269       ,       4.833000
159, 1.166899   ,       0.815240        ,       -0.834350       ,       -3.284315       ,       -2.331102       ,       4.843000
160, 1.172258   ,       0.799799        ,       -0.876587       ,       -3.342016       ,       -2.600372       ,       4.853000
161, 1.177472   ,       0.784220        ,       -0.918362       ,       -3.401255       ,       -2.902979       ,       4.863000
162, 1.182478   ,       0.768017        ,       -0.961753       ,       -3.465880       ,       -3.215844       ,       4.873000
163, 1.187297   ,       0.751538        ,       -1.004220       ,       -3.520503       ,       -3.451775       ,       4.883000
164, 1.191930   ,       0.734713        ,       -1.046688       ,       -3.574357       ,       -3.687706       ,       4.893000
165, 1.196354   ,       0.717333        ,       -1.091002       ,       -3.637443       ,       -3.956976       ,       4.903000
166, 1.200592   ,       0.699608        ,       -1.135547       ,       -3.700529       ,       -4.218552       ,       4.913000
167, 1.204663   ,       0.681674        ,       -1.179399       ,       -3.756691       ,       -4.423709       ,       4.923000
168, 1.208589   ,       0.663741        ,       -1.221405       ,       -3.800543       ,       -4.546804       ,       4.933000
169, 1.212328   ,       0.645531        ,       -1.263181       ,       -3.842087       ,       -4.654511       ,       4.943000
170, 1.215901   ,       0.627113        ,       -1.305187       ,       -3.888248       ,       -4.798122       ,       4.953000
171, 1.219349   ,       0.608764        ,       -1.345346       ,       -3.922868       ,       -4.864798       ,       4.963000
172, 1.222652   ,       0.590484        ,       -1.383198       ,       -3.942102       ,       -4.828895       ,       4.973000
173, 1.225788   ,       0.572136        ,       -1.420126       ,       -3.959797       ,       -4.808379       ,       4.983000
174, 1.228779   ,       0.553856        ,       -1.455208       ,       -3.968259       ,       -4.741703       ,       4.993000
175, 1.231625   ,       0.535577        ,       -1.489136       ,       -3.971337       ,       -4.639124       ,       5.003000
176, 1.234346   ,       0.517435        ,       -1.521217       ,       -3.967490       ,       -4.510901       ,       5.013000
177, 1.236943   ,       0.499571        ,       -1.550068       ,       -3.945948       ,       -4.285228       ,       5.023000
178, 1.239415   ,       0.481984        ,       -1.576148       ,       -3.912097       ,       -4.005701       ,       5.033000
179, 1.241762   ,       0.464674        ,       -1.599459       ,       -3.865937       ,       -3.674884       ,       5.043000
180, 1.244005   ,       0.447710        ,       -1.619770       ,       -3.806698       ,       -3.290214       ,       5.053000
181, 1.246124   ,       0.430885        ,       -1.638696       ,       -3.745151       ,       -2.918366       ,       5.063000
182, 1.248139   ,       0.414405        ,       -1.655083       ,       -3.677449       ,       -2.554211       ,       5.073000
183, 1.250009   ,       0.398203        ,       -1.667546       ,       -3.586666       ,       -2.077220       ,       5.083000
184, 1.251795   ,       0.382416        ,       -1.677009       ,       -3.483575       ,       -1.548939       ,       5.093000
185, 1.253436   ,       0.366699        ,       -1.685318       ,       -3.377406       ,       -1.010401       ,       5.103000
186, 1.254973   ,       0.351327        ,       -1.691088       ,       -3.264313       ,       -0.471862       ,       5.113000
187, 1.256406   ,       0.336233        ,       -1.694550       ,       -3.141218       ,       0.115401        ,       5.123000
188, 1.257736   ,       0.321346        ,       -1.696396       ,       -3.013508       ,       0.710358        ,       5.133000
189, 1.258961   ,       0.306875        ,       -1.694550       ,       -2.867333       ,       1.389942        ,       5.143000
190, 1.260104   ,       0.292819        ,       -1.689934       ,       -2.711157       ,       2.102865        ,       5.153000
191, 1.261122   ,       0.278832        ,       -1.684625       ,       -2.554211       ,       2.823480        ,       5.163000
192, 1.262036   ,       0.265192        ,       -1.676086       ,       -2.381109       ,       3.615901        ,       5.173000
193, 1.262867   ,       0.251898        ,       -1.665469       ,       -2.204161       ,       4.387806        ,       5.183000
194, 1.263594   ,       0.238880        ,       -1.652775       ,       -2.020289       ,       5.180227        ,       5.193000
195, 1.264258   ,       0.226348        ,       -1.636618       ,       -1.818721       ,       6.062405        ,       5.203000
196, 1.264840   ,       0.214161        ,       -1.618154       ,       -1.608691       ,       6.972791        ,       5.213000
197, 1.265339   ,       0.202252        ,       -1.598075       ,       -1.395584       ,       7.870355        ,       5.223000
198, 1.265775   ,       0.190620        ,       -1.577072       ,       -1.185554       ,       8.716630        ,       5.233000
199, 1.266169   ,       0.179472        ,       -1.553530       ,       -0.967831       ,       9.580856        ,       5.243000
200, 1.266502   ,       0.168670        ,       -1.528141       ,       -0.743183       ,       10.483549       ,       5.253000
201, 1.266772   ,       0.158076        ,       -1.502292       ,       -0.523152       ,       11.332389       ,       5.263000
202, 1.267000   ,       0.147829        ,       -1.475519       ,       -0.307736       ,       12.114552       ,       5.273000
203, 1.267166   ,       0.137927        ,       -1.447361       ,       -0.090782       ,       12.896715       ,       5.283000
204, 1.267291   ,       0.128372        ,       -1.418280       ,       0.123095        ,       13.637846       ,       5.293000
205, 1.267374   ,       0.119163        ,       -1.388044       ,       0.336971        ,       14.361026       ,       5.303000
206, 1.267395   ,       0.110162        ,       -1.357579       ,       0.545463        ,       15.043175       ,       5.313000
207, 1.267353   ,       0.101368        ,       -1.327344       ,       0.742414        ,       15.627874       ,       5.323000
208, 1.267270   ,       0.092852        ,       -1.297108       ,       0.930133        ,       16.140768       ,       5.333000
209, 1.267125   ,       0.084543        ,       -1.267104       ,       1.107851        ,       16.579292       ,       5.343000
210, 1.266917   ,       0.076372        ,       -1.237792       ,       1.273259        ,       16.933189       ,       5.353000
211, 1.266647   ,       0.068410        ,       -1.208250       ,       1.434820        ,       17.266570       ,       5.363000
212, 1.266273   ,       0.060447        ,       -1.179861       ,       1.584073        ,       17.538404       ,       5.373000
213, 1.265837   ,       0.052761        ,       -1.151472       ,       1.720246        ,       17.689707       ,       5.383000
214, 1.265297   ,       0.045006        ,       -1.124699       ,       1.841032        ,       17.748690       ,       5.393000
215, 1.264674   ,       0.037459        ,       -1.097465       ,       1.959511        ,       17.789722       ,       5.403000
216, 1.263968   ,       0.029981        ,       -1.071153       ,       2.066449        ,       17.769206       ,       5.413000
217, 1.263157   ,       0.022503        ,       -1.045765       ,       2.162617        ,       17.679449       ,       5.423000
218, 1.262223   ,       0.014956        ,       -1.021300       ,       2.250322        ,       17.546097       ,       5.433000
219, 1.261184   ,       0.007409        ,       -0.998220       ,       2.321101        ,       17.294779       ,       5.443000
220, 1.260021   ,       -0.000277       ,       -0.976986       ,       2.376493        ,       16.958834       ,       5.453000
221, 1.258733   ,       -0.007963       ,       -0.955983       ,       2.428809        ,       16.610066       ,       5.463000
222, 1.257320   ,       -0.015718       ,       -0.936365       ,       2.465737        ,       16.156155       ,       5.473000
223, 1.255783   ,       -0.023611       ,       -0.918362       ,       2.490356        ,       15.648390       ,       5.483000
224, 1.254122   ,       -0.031574       ,       -0.901513       ,       2.504204        ,       15.081642       ,       5.493000
225, 1.252294   ,       -0.039883       ,       -0.887435       ,       2.497280        ,       14.386671       ,       5.503000
226, 1.250320   ,       -0.048399       ,       -0.875202       ,       2.476508        ,       13.617330       ,       5.513000
227, 1.248181   ,       -0.057193       ,       -0.864816       ,       2.444195        ,       12.799265       ,       5.523000
228, 1.245896   ,       -0.066263       ,       -0.856276       ,       2.402651        ,       11.960683       ,       5.533000
229, 1.243445   ,       -0.075749       ,       -0.850737       ,       2.342642        ,       11.034910       ,       5.543000
230, 1.240848   ,       -0.085512       ,       -0.847275       ,       2.269555        ,       10.042461       ,       5.553000
231, 1.238106   ,       -0.095552       ,       -0.845428       ,       2.189544        ,       9.042318        ,       5.563000
232, 1.235156   ,       -0.106146       ,       -0.846583       ,       2.096453        ,       8.013966        ,       5.573000
233, 1.232041   ,       -0.117086       ,       -0.850045       ,       1.991054        ,       6.939453        ,       5.583000
234, 1.228759   ,       -0.128441       ,       -0.856045       ,       1.874114        ,       5.836731        ,       5.593000
235, 1.225290   ,       -0.140282       ,       -0.864816       ,       1.744095        ,       4.690414        ,       5.603000
236, 1.221655   ,       -0.152468       ,       -0.875433       ,       1.607153        ,       3.538967        ,       5.613000
237, 1.217874   ,       -0.164931       ,       -0.887665       ,       1.465594        ,       2.410601        ,       5.623000
238, 1.213907   ,       -0.177879       ,       -0.902437       ,       1.315573        ,       1.284799        ,       5.633000
239, 1.209794   ,       -0.191104       ,       -0.918824       ,       1.160935        ,       0.176948        ,       5.643000
240, 1.205515   ,       -0.204675       ,       -0.936826       ,       1.003220        ,       -0.900129       ,       5.653000
241, 1.201111   ,       -0.218454       ,       -0.956214       ,       0.840120        ,       -1.982335       ,       5.663000
242, 1.196520   ,       -0.232510       ,       -0.976524       ,       0.677789        ,       -3.020944       ,       5.673000
243, 1.191722   ,       -0.247051       ,       -0.999374       ,       0.506996        ,       -4.044168       ,       5.683000
244, 1.186757   ,       -0.261799       ,       -1.022685       ,       0.340049        ,       -5.003279       ,       5.693000
245, 1.181627   ,       -0.276824       ,       -1.047611       ,       0.166178        ,       -5.977777       ,       5.703000
246, 1.176330   ,       -0.292126       ,       -1.073692       ,       -0.008463       ,       -6.916373       ,       5.713000
247, 1.170887   ,       -0.307567       ,       -1.100234       ,       -0.181564       ,       -7.813937       ,       5.723000
248, 1.165300   ,       -0.323077       ,       -1.126776       ,       -0.351589       ,       -8.673034       ,       5.733000
249, 1.159566   ,       -0.338725       ,       -1.153780       ,       -0.518536       ,       -9.465455       ,       5.743000
250, 1.153750   ,       -0.354235       ,       -1.179861       ,       -0.676250       ,       -10.175813      ,       5.753000
251, 1.147726   ,       -0.370022       ,       -1.206865       ,       -0.836273       ,       -10.883606      ,       5.763000
252, 1.141557   ,       -0.385878       ,       -1.233869       ,       -0.991680       ,       -11.524724      ,       5.773000
253, 1.135263   ,       -0.401734       ,       -1.260411       ,       -1.140163       ,       -12.101729      ,       5.783000
254, 1.128824   ,       -0.417660       ,       -1.286953       ,       -1.284799       ,       -12.630010      ,       5.793000
255, 1.122280   ,       -0.433377       ,       -1.311649       ,       -1.414048       ,       -13.037760      ,       5.803000
256, 1.115612   ,       -0.449026       ,       -1.335422       ,       -1.534065       ,       -13.368577      ,       5.813000
257, 1.108841   ,       -0.464466       ,       -1.357579       ,       -1.642542       ,       -13.622459      ,       5.823000
258, 1.101924   ,       -0.479907       ,       -1.378812       ,       -1.741787       ,       -13.814795      ,       5.833000
259, 1.094840   ,       -0.495348       ,       -1.398661       ,       -1.826415       ,       -13.896858      ,       5.843000
260, 1.087591   ,       -0.510858       ,       -1.417818       ,       -1.901810       ,       -13.904551      ,       5.853000
261, 1.080217   ,       -0.526298       ,       -1.435821       ,       -1.967974       ,       -13.858391      ,       5.863000
262, 1.072759   ,       -0.541324       ,       -1.450592       ,       -2.013365       ,       -13.699393      ,       5.873000
263, 1.065178   ,       -0.556210       ,       -1.463748       ,       -2.045677       ,       -13.455769      ,       5.883000
264, 1.057471   ,       -0.570959       ,       -1.475057       ,       -2.063372       ,       -13.124952      ,       5.893000
265, 1.049640   ,       -0.585499       ,       -1.484058       ,       -2.064141       ,       -12.694122      ,       5.903000
266, 1.041663   ,       -0.599970       ,       -1.491675       ,       -2.054140       ,       -12.204308      ,       5.913000
267, 1.033604   ,       -0.614234       ,       -1.497676       ,       -2.033367       ,       -11.663205      ,       5.923000
268, 1.025461   ,       -0.628151       ,       -1.500907       ,       -1.994900       ,       -11.034910      ,       5.933000
269, 1.017173   ,       -0.642069       ,       -1.503215       ,       -1.947971       ,       -10.363019      ,       5.943000
270, 1.008740   ,       -0.655917       ,       -1.504138       ,       -1.891039       ,       -9.647532       ,       5.953000
271, 1.000161   ,       -0.669834       ,       -1.504600       ,       -1.827954       ,       -8.893579       ,       5.963000
272, 0.991499   ,       -0.683405       ,       -1.502984       ,       -1.754866       ,       -8.108851       ,       5.973000
273, 0.982754   ,       -0.696561       ,       -1.498368       ,       -1.663315       ,       -7.234367       ,       5.983000
274, 0.973925   ,       -0.709440       ,       -1.492136       ,       -1.564839       ,       -6.349625       ,       5.993000
275, 0.965014   ,       -0.722042       ,       -1.484058       ,       -1.454823       ,       -5.403336       ,       6.003000
276, 0.955999   ,       -0.734436       ,       -1.474365       ,       -1.335575       ,       -4.423709       ,       6.013000
277, 0.946880   ,       -0.746691       ,       -1.463748       ,       -1.211712       ,       -3.433824       ,       6.023000
278, 0.937657   ,       -0.758808       ,       -1.452438       ,       -1.085540       ,       -2.446503       ,       6.033000
279, 0.928310   ,       -0.770856       ,       -1.440437       ,       -0.955521       ,       -1.456618       ,       6.043000
280, 0.918796   ,       -0.783181       ,       -1.429820       ,       -0.833196       ,       -0.523152       ,       6.053000
281, 0.909241   ,       -0.794952       ,       -1.416433       ,       -0.698561       ,       0.459040        ,       6.063000
282, 0.899561   ,       -0.806654       ,       -1.402585       ,       -0.562388       ,       1.430974        ,       6.073000
283, 0.889798   ,       -0.818217       ,       -1.388275       ,       -0.426215       ,       2.379827        ,       6.083000
284, 0.879973   ,       -0.829503       ,       -1.372812       ,       -0.286195       ,       3.328681        ,       6.093000
285, 0.870064   ,       -0.840720       ,       -1.357809       ,       -0.153868       ,       4.200600        ,       6.103000
286, 0.860052   ,       -0.851868       ,       -1.342807       ,       -0.024619       ,       5.031488        ,       6.113000
287, 0.849936   ,       -0.863016       ,       -1.328498       ,       0.096937        ,       5.798264        ,       6.123000
288, 0.839737   ,       -0.873956       ,       -1.313495       ,       0.217723        ,       6.531703        ,       6.133000
289, 0.829538   ,       -0.884342       ,       -1.296647       ,       0.340049        ,       7.221545        ,       6.143000
290, 0.819276   ,       -0.894382       ,       -1.278413       ,       0.464682        ,       7.888307        ,       6.153000
291, 0.808869   ,       -0.904491       ,       -1.260642       ,       0.583930        ,       8.506344        ,       6.163000
292, 0.798379   ,       -0.914600       ,       -1.244255       ,       0.687791        ,       9.003851        ,       6.173000
293, 0.787827   ,       -0.924501       ,       -1.227637       ,       0.787036        ,       9.442375        ,       6.183000
294, 0.777233   ,       -0.934126       ,       -1.210558       ,       0.881664        ,       9.816787        ,       6.193000
295, 0.766598   ,       -0.943473       ,       -1.193247       ,       0.969369        ,       10.111701       ,       6.203000
296, 0.755880   ,       -0.952613       ,       -1.175476       ,       1.053997        ,       10.360455       ,       6.213000
297, 0.745057   ,       -0.961822       ,       -1.158627       ,       1.130161        ,       10.545097       ,       6.223000
298, 0.734193   ,       -0.970893       ,       -1.142471       ,       1.194786        ,       10.632289       ,       6.233000
299, 0.723309   ,       -0.979548       ,       -1.124930       ,       1.260949        ,       10.696400       ,       6.243000
300, 0.712403   ,       -0.987787       ,       -1.106235       ,       1.326343        ,       10.724609       ,       6.253000
301, 0.701477   ,       -0.995611       ,       -1.085924       ,       1.395584        ,       10.745125       ,       6.263000
302, 0.690530   ,       -1.003228       ,       -1.066075       ,       1.456362        ,       10.704094       ,       6.273000
303, 0.679583   ,       -1.010567       ,       -1.046688       ,       1.505600        ,       10.563048       ,       6.283000
304, 0.668616   ,       -1.017699       ,       -1.027531       ,       1.548683        ,       10.378406       ,       6.293000
305, 0.657627   ,       -1.024623       ,       -1.008606       ,       1.584842        ,       10.132217       ,       6.303000
306, 0.646659   ,       -1.031132       ,       -0.988987       ,       1.617923        ,       9.844997        ,       6.313000
307, 0.635692   ,       -1.037294       ,       -0.968677       ,       1.650236        ,       9.539825        ,       6.323000
308, 0.624703   ,       -1.043180       ,       -0.947905       ,       1.681779        ,       9.224395        ,       6.333000
309, 0.613756   ,       -1.048511       ,       -0.925517       ,       1.716399        ,       8.906401        ,       6.343000
310, 0.602872   ,       -1.053081       ,       -0.899667       ,       1.767176        ,       8.667905        ,       6.353000
311, 0.591966   ,       -1.057582       ,       -0.875433       ,       1.803335        ,       8.339653        ,       6.363000
312, 0.581102   ,       -1.061529       ,       -0.849583       ,       1.843340        ,       8.019095        ,       6.373000
313, 0.570218   ,       -1.065268       ,       -0.823502       ,       1.882577        ,       7.695972        ,       6.383000
314, 0.559333   ,       -1.068799       ,       -0.797652       ,       1.917197        ,       7.344639        ,       6.393000
315, 0.548469   ,       -1.071984       ,       -0.770879       ,       1.956433        ,       7.034338        ,       6.403000
316, 0.537647   ,       -1.074684       ,       -0.742722       ,       2.000286        ,       6.749682        ,       6.413000
317, 0.526866   ,       -1.076900       ,       -0.712948       ,       2.051832        ,       6.516316        ,       6.423000
318, 0.516106   ,       -1.078770       ,       -0.682713       ,       2.102608        ,       6.282949        ,       6.433000
319, 0.505367   ,       -1.080570       ,       -0.654093       ,       2.141845        ,       6.005986        ,       6.443000
320, 0.494690   ,       -1.081955       ,       -0.625243       ,       2.177234        ,       5.708508        ,       6.453000
321, 0.484138   ,       -1.082439       ,       -0.593162       ,       2.224933        ,       5.470012        ,       6.463000
322, 0.473627   ,       -1.082509       ,       -0.559695       ,       2.281865        ,       5.313580        ,       6.473000
323, 0.463158   ,       -1.082232       ,       -0.525767       ,       2.339565        ,       5.175098        ,       6.483000
324, 0.452709   ,       -1.081747       ,       -0.492070       ,       2.394958        ,       5.044311        ,       6.493000
325, 0.442302   ,       -1.080985       ,       -0.458373       ,       2.449581        ,       4.934038        ,       6.503000
326, 0.432020   ,       -1.079531       ,       -0.423060       ,       2.508051        ,       4.846846        ,       6.513000
327, 0.421759   ,       -1.077662       ,       -0.386132       ,       2.574983        ,       4.816073        ,       6.523000
328, 0.411539   ,       -1.075515       ,       -0.348742       ,       2.645763        ,       4.836589        ,       6.533000
329, 0.401360   ,       -1.073161       ,       -0.312045       ,       2.709618        ,       4.828895        ,       6.543000
330, 0.391244   ,       -1.070530       ,       -0.275809       ,       2.768088        ,       4.805815        ,       6.553000
331, 0.381170   ,       -1.067691       ,       -0.240265       ,       2.818864        ,       4.744268        ,       6.563000
332, 0.371137   ,       -1.064644       ,       -0.204722       ,       2.871180        ,       4.716059        ,       6.573000
333, 0.361125   ,       -1.061529       ,       -0.169870       ,       2.922725        ,       4.723752        ,       6.583000
334, 0.351112   ,       -1.058344       ,       -0.135481       ,       2.973502        ,       4.749397        ,       6.593000
335, 0.341121   ,       -1.055020       ,       -0.101322       ,       3.024278        ,       4.798122        ,       6.603000
336, 0.331150   ,       -1.051696       ,       -0.068548       ,       3.068131        ,       4.834024        ,       6.613000
337, 0.321221   ,       -1.048234       ,       -0.036467       ,       3.107367        ,       4.857104        ,       6.623000
338, 0.311375   ,       -1.044426       ,       -0.004154       ,       3.145834        ,       4.880185        ,       6.633000
339, 0.301571   ,       -1.040618       ,       0.026311        ,       3.172761        ,       4.854540        ,       6.643000
340, 0.291787   ,       -1.036948       ,       0.053777        ,       3.178146        ,       4.703236        ,       6.653000
341, 0.282107   ,       -1.032863       ,       0.082396        ,       3.192764        ,       4.631431        ,       6.663000
342, 0.272510   ,       -1.028639       ,       0.109631        ,       3.197380        ,       4.513465        ,       6.673000
343, 0.263018   ,       -1.024000       ,       0.137558        ,       3.203535        ,       4.403193        ,       6.683000
344, 0.253608   ,       -1.019084       ,       0.165716        ,       3.211228        ,       4.313437        ,       6.693000
345, 0.244281   ,       -1.013960       ,       0.193412        ,       3.214305        ,       4.192907        ,       6.703000
346, 0.235037   ,       -1.008698       ,       0.219955        ,       3.208920        ,       4.028781        ,       6.713000
347, 0.225898   ,       -1.003228       ,       0.245574        ,       3.195072        ,       3.810801        ,       6.723000
348, 0.216883   ,       -0.997412       ,       0.271193        ,       3.179685        ,       3.590257        ,       6.733000
349, 0.207971   ,       -0.991319       ,       0.297504        ,       3.171992        ,       3.433824        ,       6.743000
350, 0.199185   ,       -0.985018       ,       0.323123        ,       3.161221        ,       3.279956        ,       6.753000
351, 0.190523   ,       -0.978717       ,       0.345742        ,       3.129678        ,       3.015816        ,       6.763000
352, 0.182027   ,       -0.972000       ,       0.368360        ,       3.093519        ,       2.705515        ,       6.773000
353, 0.173697   ,       -0.964869       ,       0.391210        ,       3.056591        ,       2.390085        ,       6.783000
354, 0.165534   ,       -0.957252       ,       0.414982        ,       3.023509        ,       2.095171        ,       6.793000
355, 0.157557   ,       -0.949151       ,       0.439447        ,       2.992735        ,       1.810515        ,       6.803000
356, 0.149726   ,       -0.940981       ,       0.461835        ,       2.949652        ,       1.472005        ,       6.813000
357, 0.142103   ,       -0.932187       ,       0.484915        ,       2.903492        ,       1.095028        ,       6.823000
358, 0.134666   ,       -0.922909       ,       0.508688        ,       2.858101        ,       0.707793        ,       6.833000
359, 0.127437   ,       -0.913077       ,       0.533615        ,       2.818864        ,       0.364155        ,       6.843000
360, 0.120437   ,       -0.902691       ,       0.559465        ,       2.784244        ,       0.053854        ,       6.853000
361, 0.113645   ,       -0.891751       ,       0.586468        ,       2.755778        ,       -0.210286       ,       6.863000
362, 0.107060   ,       -0.880257       ,       0.614626        ,       2.731159        ,       -0.466733       ,       6.873000
363, 0.100683   ,       -0.868139       ,       0.644631        ,       2.715003        ,       -0.692407       ,       6.883000
364, 0.094576   ,       -0.855122       ,       0.677404        ,       2.709618        ,       -0.879613       ,       6.893000
365, 0.088697   ,       -0.841413       ,       0.712025        ,       2.711157        ,       -1.043739       ,       6.903000
366, 0.083026   ,       -0.827080       ,       0.748722        ,       2.724235        ,       -1.146318       ,       6.913000
367, 0.077543   ,       -0.812262       ,       0.786574        ,       2.743469        ,       -1.212994       ,       6.923000
368, 0.072246   ,       -0.797099       ,       0.824425        ,       2.761933        ,       -1.279670       ,       6.933000
369, 0.067136   ,       -0.781450       ,       0.863893        ,       2.791937        ,       -1.269412       ,       6.943000
370, 0.062213   ,       -0.765248       ,       0.905668        ,       2.839637        ,       -1.128366       ,       6.953000
371, 0.057477   ,       -0.748769       ,       0.946981        ,       2.881950        ,       -1.036045       ,       6.963000
372, 0.052886   ,       -0.732082       ,       0.988526        ,       2.929649        ,       -0.892435       ,       6.973000
373, 0.048441   ,       -0.715256       ,       1.029147        ,       2.971963        ,       -0.771905       ,       6.983000
374, 0.044162   ,       -0.698154       ,       1.069768        ,       3.013508        ,       -0.659069       ,       6.993000
375, 0.040049   ,       -0.680774       ,       1.110620        ,       3.057360        ,       -0.523152       ,       7.003000
376, 0.036123   ,       -0.663049       ,       1.152165        ,       3.107367        ,       -0.338510       ,       7.013000
377, 0.032363   ,       -0.645115       ,       1.193709        ,       3.160452        ,       -0.115401       ,       7.023000
378, 0.028769   ,       -0.627043       ,       1.234561        ,       3.211228        ,       0.105143        ,       7.033000
379, 0.025342   ,       -0.608764       ,       1.275182        ,       3.258927        ,       0.289785        ,       7.043000
380, 0.022039   ,       -0.590484       ,       1.315111        ,       3.306626        ,       0.484685        ,       7.053000
381, 0.018882   ,       -0.572136       ,       1.355271        ,       3.365096        ,       0.784728        ,       7.063000
382, 0.015849   ,       -0.553925       ,       1.393584        ,       3.417411        ,       1.079641        ,       7.073000
383, 0.012962   ,       -0.535784       ,       1.430281        ,       3.463572        ,       1.356604        ,       7.083000
384, 0.010220   ,       -0.517712       ,       1.465132        ,       3.500500        ,       1.589971        ,       7.093000
385, 0.007623   ,       -0.499779       ,       1.497906        ,       3.528196        ,       1.784870        ,       7.103000
386, 0.005152   ,       -0.481915       ,       1.530219        ,       3.561278        ,       2.038753        ,       7.113000
387, 0.002825   ,       -0.464259       ,       1.559761        ,       3.582820        ,       2.264426        ,       7.123000